"C_diaphana_6380_A","C_diaphana_6380_B","joint_prob","locus"
"6380_BLANK","6380_BLANK",0,"APP"
"6380_BLANK2","6380_BLANK",0.494466262049268,"APP"
"6380_BLANK","6380_BLANK2",0.505533737950732,"APP"
"6380_BLANK2","6380_BLANK2",0,"APP"
"6380_copy1","6380_copy1",0,"GAP"
"6380_copy2","6380_copy1",0.515173152445555,"GAP"
"6380_copy1","6380_copy2",0.484826847554445,"GAP"
"6380_copy2","6380_copy2",0,"GAP"
"6380_BLANK","6380_BLANK",0,"IBR"
"6380_BLANK2","6380_BLANK",0.498393430917529,"IBR"
"6380_BLANK","6380_BLANK2",0.501606569082471,"IBR"
"6380_BLANK2","6380_BLANK2",0,"IBR"
"6380_copy1","6380_copy1",0,"PGI"
"6380_copy2","6380_copy1",0.491431631560157,"PGI"
"6380_copy1","6380_copy2",0.508568368439843,"PGI"
"6380_copy2","6380_copy2",0,"PGI"
